{"train_accuracy": 73.88, "val_accuracy": 71.41, "train_loss": 0.02329482251852751, "val_loss": 0.026593162736296652, "_timestamp": 1698935340.282182, "_runtime": 2058.398218870163, "_step": 9, "_wandb": {"runtime": 2057}}